<?xml version="1.0" encoding="UTF-8"?>
<beans xmlns="http://www.springframework.org/schema/beans"
	xmlns:xsi="http://www.w3.org/2001/XMLSchema-instance" 
	xmlns:aop="http://www.springframework.org/schema/aop"	
	xmlns:context="http://www.springframework.org/schema/context"
	xmlns:util="http://www.springframework.org/schema/util"
	 xmlns:p="http://www.springframework.org/schema/p"
	 xmlns:tx="http://www.springframework.org/schema/tx"
	 xmlns:mvc="http://www.springframework.org/schema/mvc"
	xsi:schemaLocation="http://www.springframework.org/schema/beans 
	http://www.springframework.org/schema/beans/spring-beans-4.0.xsd
	 http://www.springframework.org/schema/context
     http://www.springframework.org/schema/context/spring-context-3.0.xsd
     http://www.springframework.org/schema/util 
     http://www.springframework.org/schema/util/spring-util-3.0.xsd
  http://www.springframework.org/schema/aop 
http://www.springframework.org/schema/aop/spring-aop.xsd
http://www.springframework.org/schema/mvc 
	http://www.springframework.org/schema/mvc/spring-mvc-3.2.xsd
	http://www.springframework.org/schema/tx 
		http://www.springframework.org/schema/tx/spring-tx-3.2.xsd">
	<!--  firstly address must be configured.. if address will be ready then employee will be ready-->
	<!-- setter injection -->
	
	<bean id="aanchalHomeAddress" class="com.cg.beans.Address">
	<property name="state" value="up"/>
	<property name="city" value="lucknow"/>
	<property name="zipCode" value="253633"/>
	</bean>
	
	<bean id="aanchalOfficeAddress" class="com.cg.beans.Address">
	<property name="state" value="maharashtra"/>
	<property name="city" value="pune"/>
	<property name="zipCode" value="411057"/>
	</bean>
	
	<bean id="aanchalObject" class="com.cg.beans.Employee">
	<property name="employeeId" value="01"/>
	<property name="employeeName" value="aanchal"/>
	<property name="employeeSalary" value="35300.0"/>
	<property name="address" ref="aanchalHomeAddress"/>
	</bean>

</beans>