<?xml version="1.0" encoding="UTF-8"?>
<beans xmlns="http://www.springframework.org/schema/beans"
	xmlns:xsi="http://www.w3.org/2001/XMLSchema-instance"
	xmlns:aop="http://www.springframework.org/schema/aop"
	xmlns:context="http://www.springframework.org/schema/context"
	xmlns:util="http://www.springframework.org/schema/util"
	xmlns:p="http://www.springframework.org/schema/p"
	xmlns:tx="http://www.springframework.org/schema/tx"
	xmlns:mvc="http://www.springframework.org/schema/mvc"
	xsi:schemaLocation="http://www.springframework.org/schema/beans 
	http://www.springframework.org/schema/beans/spring-beans-4.0.xsd
	 http://www.springframework.org/schema/context
     http://www.springframework.org/schema/context/spring-context-3.0.xsd
     http://www.springframework.org/schema/util 
     http://www.springframework.org/schema/util/spring-util-3.0.xsd
  http://www.springframework.org/schema/aop 
http://www.springframework.org/schema/aop/spring-aop.xsd
http://www.springframework.org/schema/mvc 
	http://www.springframework.org/schema/mvc/spring-mvc-3.2.xsd
	http://www.springframework.org/schema/tx 
		http://www.springframework.org/schema/tx/spring-tx-3.2.xsd">

	<bean id="sbuDetails" class="com.cg.assignments.problem2.beans.SBU">
		<property name="sbuId" value="123"></property>
		<property name="sbuName" value="Project Engineering Services"></property>
		<property name="sbuHead" value="Kiran Rao"></property>
	</bean>
	<bean id="employeeDetails" class="com.cg.assignments.problem2.beans.Employee">
		<property name="employeeId" value="168343"></property>
		<property name="employeeName" value="aanchal"></property>
		<property name="salary" value="43500.0"></property>
		<property name="businessUnit" ref="sbuDetails">
		</property>
	</bean>

</beans>